feature,importance
bedrooms,0.04994417910298996
bathrooms,0.09023499197346836
sqft_living,0.16502890157430092
sqft_lot,0.1181056459871009
floors,0.018130468521288766
waterfront,0.006899937342697043
view,0.03061180258493603
condition,0.029784923601910186
sqft_above,0.16702654927316013
sqft_basement,0.05703887815378586
yr_built,0.09973127096571197
yr_renovated,0.050626650387423686
zipcode,0.11683580053122616
