{"rmse": 1013697.5362790393, "r2": -0.007585804514999905}