{"rmse": 1007973.9264821366, "r2": 0.003760275904714949}